"scenario","n_cohorts","median_score_coverage","minimum_score_coverage","median_spearman","minimum_spearman","median_top25_overlap","minimum_top25_overlap","median_top10pct_overlap","minimum_top10pct_overlap"
"half_conservation",20,1,1,0.99970828889056,0.998340548340548,1,1,1,0.986111111111111
"adme_active",20,1,1,0.999239982601157,0.997691197691198,0.96,0.88,0.980741012472487,0.928571428571429
"double_conservation",20,1,1,0.999056379049318,0.996464646464646,1,0.96,1,0.986111111111111
"leave_out_conservation",20,1,1,0.998747467250511,0.994805194805195,1,0.96,1,0.986111111111111
"double_cysteine_ligandability",20,1,1,0.998545767509316,0.989105339105339,1,0.96,1,0.986111111111111
"half_cysteine_ligandability",20,1,1,0.998268568450212,0.991341991341991,1,0.96,1,0.982758620689655
"half_cancer_selectivity",20,1,1,0.99705954157917,0.993916232334037,0.92,0.84,0.91906432748538,0.888888888888889
"half_clinical_evidence",20,1,1,0.99602858260663,0.987051937931738,1,0.92,1,0.972222222222222
"double_clinical_evidence",20,1,1,0.995829930017571,0.98389828724898,1,0.92,1,1
"double_cancer_selectivity",20,1,1,0.993761156110754,0.988233663231287,0.92,0.8,0.918333333333333,0.791666666666667
"equal_five",20,1,1,0.993583138156692,0.97395764574428,1,0.92,1,0.989583333333333
"leave_out_cancer_selectivity",20,0.0805438972162741,0.037394451145959,0.991493188184365,0.98301299006642,0,0,0,0
"double_dependency_strength",20,1,1,0.98761448910207,0.965908165323664,0.92,0.84,0.91906432748538,0.879310344827586
"half_dependency_strength",20,1,1,0.987501522253719,0.97577937898959,0.92,0.8,0.918333333333333,0.791666666666667
"leave_out_cysteine_ligandability",20,1,1,0.983686714708785,0.874458874458874,0.98,0.8,0.992720988688731,0.666666666666667
"equal_six",20,1,1,0.97887527105061,0.962987012987013,0.88,0.68,0.906421703296703,0.833333333333333
"leave_out_clinical_evidence",20,1,1,0.973532516801443,0.928183791853589,0.98,0.84,0.978372691138649,0.833333333333333
"leave_out_dependency_strength",20,0.0805438972162741,0.037394451145959,0.93694168445004,0.864253393665158,0,0,0,0
